username,nama pengguna
lemes,lemas
usirchina,usir cina
usirdubesmyanmar,usir kedutaan besar myanmar
usher,nama pengguna
ust,ustaz
lemu,besar
ustadz,ustaz
aaaah,ah
lengkapin,lengkapi
lepasin,melepas
aaghr,ah
lepastu,setelah itu
letjen,letnan jenderal
lesbi,lesbian
aah,ah
lewatin,melewati
utk,untuk
lg,lagi
lgbt,lesbian gay bisexual transgender
uu,undang undang
lgi,lagi
uud,undang undang dasar
lgsg,langsung
uv,ultra violet
lh,lah
abis,habis
lha,lah
abisin,habiskan
lho,loh
lhoh,loh
abissss,habis
liat,lihat
abt,about
liatin,lihat
abut,abud
liatny,lihatnya
acc,akun
victim,korban
liberalkocak,liberal kocak
lieur,pusing
ad,ada
vilage,desa
lihut,luhut
villager,orang desa
adain,adakan
lil,little
lingserwengi,lingsir wengi
linimasa,lini masa
ade,adik
lipia,lembaga ilmu pengetahuan islam dan arab
adek,adik
liyo,lain
vs,lawan
w,aku
waaah,wah
adl,adalah
adlah,adalah
adlh,adalah
waakaakaak,wkwk
wadaauuuwwww,wow
wadaw,waduh
aduhhh,aduh
waduhh,waduh
lngsung,langsung
lnjt,lanjut
wae,saja
wag,kekasih
adzan,azan
lo,kamu
wagakbener,wah tidak benar
ae,saja
adzim,azim
wagub,wakil gubernur
loe,kamu
loee,kamu
wahabrer,wah tidak benar
af,as fuck
wahahahaha,haha
wahbrot,wah saudara
loh,lah
wahhabi,wahabi
lohhh,loh
lokalhangat,lokal hangat
waini,wah ini
wait,tunggu
waiters,pelayan
lol,wkwk
wajahx,wajahnya
loloas,lolos
wajarla,wajarlah
aggaran,anggaran
lom,belum
waji,wajik
wakakak,wkwk
wakakaka,wkwk
agm,agama
ahaha,haha
ahahah,haha
ahahaha,haha
losssss,loss
wakwawww,wkwk
wakwaww,wkwk
ahahahaha,haha
ahahahahhaha,haha
lp,lupa
ahai,ah
ahelah,alah
walisongo,wali songo
aheruntukindonesia,aher untuk indonesia
walkout,pergi
lsm,lembaga swadaya masyarakat
ahh,ah
walopun,walaupun
lu,kamu
ahhh,ah
ahhahahha,haha
ahir,akhir
wanna,ingin
ahlikul,akhlak
ahlussunah,ahlusunah
wapres,wakil presiden
wapresnye,wakil presidennya
ahoak,ahok
ahoax,ahok
luculucuan,lucu lucuan
wareg,kenyang
ahog,ahok
luh,kamu
warnet,warung internet
ahokdjarot,ahok djarot
wasite,wasitnya
waspadai,mewaspadai
ahokpecahbelahbangsa,ahok pecah belah bangsa
waspadapki,waspada partai komunis indonesia
watching,menonton
ahox,ahok
ahoq,ahok
ahy,agus harimurti yudhoyono
ahsudalah,ah sudahlah
aing,aku
wave,gelombang
lwn,lawan
lwt,lewat
aj,saja
aja,saja
m,sama
wc,toilet
ma,sama
ajaa,saja
ajah,saja
weekend,akhir pekan
ajakalah,ajaklah
wehhh,wah
ajalah,sajalah
ajarin,ajarkan
aje,saja
wekawekaweka,wkwk
maapin,maafkan
mabes,markas besar
mabok,mabuk
macak,masak
ajj,saja
wes,sudah
macem,macam
wew,wow
ak,aku
madesu,masa depan suram
wgl,we get love
maen,main
maenan,mainan
what,apa
maennya,mainnya
akeh,banyak
akherat,akhirat
akhi,saudara
while,ketika
mahasiswabergerak,mahasiswa bergerak
mahatir,mahathir
whuahahahah,haha
mahluk,makhluk
wib,waktu indonesia bagian barat
mahmudah,ibu muda
akn,akan
maho,manusia homo
mahu,mau
maidah,almaidah
mainin,mainkan
mainya,mainnya
wilujeng,selamat
wilyah,wilayah
majikanya,majikannya
majority,mayoritas
majulusini,maju kamu sini
majuo,maju
akui,mengakui
mak,ibu
witch,penyihir
with,dengan
akusisi,akuisisi
wjar,wajar
makany,makanya
wk,wkwk
makasar,makassar
wkkk,wkwk
makin,semakin
wkkwkw,wkwk
makmak,ibu ibu
wkkww,wkwk
mako,markas komando
maksa,memaksa
wkt,waktu
wktu,waktu
alasanbikinaksi,alasan buat aksi
wkwkkk,wkwk
wkwkkw,wkwk
alfaatihah,al fatihah
wkwkwk,wkwk
malay,malaysia
alhamdulilah,alhamdulillah
alhamdulillaah,alhamdulillah
wkwkwkwk,wkwk
alhamdullilah,alhamdulillah
malaysiaanjing,malaysia anjing
wkwkwkwkw,wkwk
malaysiaitubabi,malaysia itu babi
wkwkwkwkwkw,wkwk
malaysiamiskinbudaya,malaysia miskin budaya
allaah,allah
malaysucks,malaysia suck
malem,malam
wkwkwkwwkwk,wkwk
males,malas
allahuakbar,allahu akbar
maletrip,male trip
malh,malah
malingsia,malaysia
malingsial,malaysia
allooowwww,halo
allohu,allahu
alloh,allah
alm,almarhum
mall,mal
wna,warga negara asing
maluin,memalukan
wni,warga negara indonesia
wo,oi
alohmubarbar,allahmu barbar
alqaeda,al qaeda
alqt,alat
woey,oi
alqur,alquran
mamak,ibu
woii,oi
woiii,woi
woles,santai
wong,orang
ama,sama
woo,uhuy
mambiadabkan,membiadabkan
woooooii,woi
woooui,woi
ambik,ambil
ambisional,berambisi
wooyyy,woi
ambivient,ambient
ambleg,amblek
manatuh,mana itu
mane,mana
maneh,kamu
manfaatin,manfaatkan
manggil,memanggil
wournos,wuornos
manggilnya,memanggilnya
wow,wah
woy,oi
woyy,oi
mangondow,mongondow
woyyy,oi
maning,lagi
ws,sudah
wtf,what the fuck
ampe,sampai
mantaff,mantap
mantapks,mantap
y,iya
yaa,ya
amrik,amerika
yaaaa,ya
yaaaap,ya
ana,aku
manufikun,munafik
yaaelah,yaelah
anakk,anak
anakku,anakku
mao,mau
analisa,analisis
analisaku,analisisku
ancen,memang
ancok,jancuk
ancoor,hancur
ancur,hancur
marahin,marahi
anda,kamu
andaa,kamu
yaelahhh,yaelah
ane,aku
yah,ya
masadepaan,masa depan
yahhhh,yah
anehdidunia,aneh di dunia
masalalu,masa lalu
masalalunya,masa lalunya
yahudilik,yahudi
yahut,hebat
yaiyalah,ya iyalah
yak,ya
masi,masih
anggotadpr,anggota dewan perwakilan rakyat
mash,masih
angkrem,mengerami
yakini,yaitu
masio,masih
yall,yel
anj,anjing
yanag,yang
anjeng,anjing
anjer,anjir
anjg,anjing
masy,masyarakat
matalu,matamu
matanajwadebatjakarta,mata najwa debat jakarta
matane,matanya
mataq,mataku
yas,ya
mateni,mematikan
matii,mati
yauda,ya sudah
yaudah,ya sudah
anjirr,anjir
mauk,mau
maunggg,maung
yaysn,yayasan
ye,iya
anjyng,anjing
yeaa,ya
mawaslahdirisebelumbertindak,mawaslah diri sebelum bertindak
maxx,max
mayan,lumayan
yee,iya
anonim,anonymous
mayorita,mayoritas
maz,mas
ansor,ansar
mayong,mahyong
mba,mbak
yell,yel
antarabangsa,antara bangsa
yes,iya
yeuh,jijik
antijil,anti jaringan islam liberal
antikomunis,anti komunis
yg,yang
yh,ya
mbangun,membangun
antisyiah,anti syiah
mbangsat,bangsat
yha,ya
ylbhi,yayasan lembaga bantuan hukum indonesia
antraksi,atraksi
antri,antre
mbelek,tai
antum,kalian
yng,yang
antiterorisme,anti terorisme
mbangunjatengmuktibareng,mbangun jateng mukti bareng
yo,iya
mboten,tidak
anying,anjing
anyingg,anjing
mbuat,membuat
anzing,anjing
yoj,iya
ap,apa
mca,muslim cyber army
yok,ayo
mcd,mc donalds
mcm,macam
apaaaaa,apa
youre,you are
apaaan,apaan
youself,yourself
mecah,memecahkan
apaapun,apapun
medeka,merdeka
apain,apakan
yowis,ya sudah
yoy,iya
apakabar,apa kabar
medsos,media sosial
medsosan,bermedia sosial
apal,hafal
apalg,apa lagi
yubaarik,yubarik
yuk,ayo
yukk,ayo
meikartagate,meikarta gate
meikerta,meikarta
apbd,anggaran pendapatan dan belanja daerah
mekah,makkah
ape,apa
yuks,ayo
apelancau,ape lancau
apk,apakah
apkah,apakah
yutuber,youtuber
melecekan,melecehkan
meleduk,meledak
meledakan,meledakkan
apkh,apakah
aplg,apa lagi
melu,ikut
apo,apa
apus,hapus
apussssssssssssss,hapus
aq,aku
membleh,memble
memblow,memble
zhalim,zalim
zionist,zionis
zmn,zaman
memekin,memek
arep,mau
zonk,apes
zonkey,monyet
memengusir,mengusir
memfitna,memfitnah
arut,larut
memperbaikin,memperbaiki
asalbukanjokowi,asal bukan jokowi
mempercayai,memercayai
asbun,asal bunyi
memperkosa,memerkosa
asek,asyik
aselik,asli
aseng,asing
menag,menteri agama
menagama,menteri agama
menaikan,menaikkan
menampakan,menampakkan
menangin,memenangkan
asik,asyik
mencalon,mencalonkan
mendagri,menteri dalam negeri
ask,tanya
mendingan,lebih baik
menelfon,menelepon
menfitnah,memfitnah
assassinations,assassination
mengajari,mengajarkan
mengandun,mengandung
mengcounter,mengonter
astagfirlloh,astagfirullah
mengexpose,mengekspose
astaghfirullah,astagfirullah
menggenapka,menggenapkan
menggerakan,menggerakkan
asu,anjing
menghimbau,mengimbau
asuog,anjing
asuu,anjing
mengintruksikan,menginstruksikan
mengkriminilisisi,mengkriminalisasi
asyikm,asyik
atao,atau
atarturk,ataturk
menimal,minimal
ateknya,anteknya
atheis,ateis
atheisdete,ateis mati
atheist,ateis
ati,hati
menjijikan,menjijikkan
menjukkan,menunjukkan
atlit,atlet
ato,atau
menkominfo,menteri komunikasi dan informasi
menkumham,menteri hukum dan hak asasi manusia
atuhlah,atuh lah
mensiasati,menyiasati
atw,atau
mensos,menteri sosial
aulyaa,auliya
au,tau
mensukseskan,menyukseskan
mentalita,mentalitas
awek,wanita
mention,mention
korengan,lubang
mentri,menteri
ayah,bapak
menyelematkan,menyelamatkan
aye,aku
ayoh,ayo
ayohbangsa,ayo bangsa
mepo,meeting point
merajalele,merajalela
ayoo,ayo
merentas,meretas
aza,saja
meriksa,memeriksa
azhan,azan
merit,menikah
merk,merek
merka,mereka
baaaaa,ah
merubah,mengubah
mesantren,memondok di pesantren
mesih,masih
babangnya,abangnya
babihok,babi ahok
mesti,harus
backstage,back stage
bacod,bacot
bacotin,bacot
mgkin,mungkin
mgkn,mungkin
sreg,suka
baduy,badui
bae,saja
miara,memelihara
bagaiamana,bagaimana
bagaimna,bagaimana
mikir,berpikir
mikirdaaingmah,aku berpikir
mikirin,memikirkan
baguss,bagus
mikirnya,memikirnya
milih,memilih
bahong,bohong
mimin,admin
baidab,biadab
minggato,minggat lah
mingkem,diam
bakalan,akan
minta,meminta
minumkopiindonesia,minum kopi indonesia
miras,minuman keras
bales,balas
lagian,lagi
balesnya,balasnya
balikin,kembalikan
balikinkesolo,balikan ke solo
mjadi,menjadi
mjd,menjadi
mjln,menjalankan
mka,maka
bangat,banget
mklumin,memaklumkan
mkn,makan
mkne,makna
mknya,makanya
mlah,malah
mlarang,melarang
banggain,banggakan
mlh,malah
bangke,bangkai
mliat,melihat
mlihat,melihat
bangkitin,membangkitkan
mlm,malam
mlorot,melorot
bangsaatt,bangsat
bangsad,bangsat
bangsatdi,bangsat di
mmbawa,membawa
mmberantas,memebrantas
x,kali
bangzat,bangsat
mmbunuh,membunuh
banser,barisan serba guna
mmg,memang
mmcah,memecah
mmpraktekkannya,mempraktikannya
banyok,banyak
mnang,menang
mnding,lebih baik
barangsiapa,barang siapa
taunya,tau
bareskrim,badan reserse kriminal
mne,mana
barokalloh,barakallah
bat,banget
mnggiring,menggiring
mnggunakan,menggunakan
mnghalangi,menghalangi
bawak,bawa
bay,selamat tinggal
mngkin,mungkin
mngkn,mungkin
bayarin,bayarkan
bayk,baik
mngusir,mengusir
bbm,bahan bakar minyak
mnjadi,menjadi
mnjaga,menjaga
bbrp,beberapa
bbrpa,beberapa
bbrpx,beberapa kali
bc,baca
bca,baca
mnrt,menurut
mnurut,menurut
bearti,berarti
mnyebabkn,menyebabkan
beauty,cantik
beb,sayang
mo,mau
beca,becak
moden,modern
moga,semoga
beer,bir
mohd,muhammad
begenean,beginian
mojok,memojok
begok,bego
bejad,bejat
bejo,beruntung
bekerjasama,bekerja sama
bekuasa,berkuasa
morfotin,morfin
belagu,belaga
mositidakpercaya,mosi tidak percaya
belain,membela
mosok,masa
most,paling
belgium,belgia
beliau,dia
motong,memotong
belina,belinya
move,pindah
movie,film
mpok,empok
mpr,majelis permusyawaratan rakyat
belom,belum
belokin,belokkan
mrah,marah
mrasa,merasa
mreka,mereka
benc,bench
bencar,bentar
mripate,matanya
mrk,mereka
mrka,mereka
mrngakui,mengakui
beneer,benar
bener,benar
beneran,benaran
benerannya,benarannya
mry,marry
benerpun,benarpun
msg,masing
msh,masih
msi,masih
bengitu,begitu
msjid,masjid
bennett,bennet
msk,masuk
msih,masih
mskipun,meskipun
berabtad,berabad
beraktifitas,beraktivitas
msyarakat,masyarakat
berantem,bertengkar
berati,berarti
berattt,berat
berbahay,berbahaya
muadzin,muazin
muakmuakmuak,muak muak muak
ngusir,usir
mudbus,penyemangat
muhammadi,muhammad
beribadat,beribadah
mui,majelis ulama indonesia
muke,muka
mukenya,mukanya
multifandom,multi fandom
berjamaah,berjemaah
berjamaahcoblospecinya,berjemaah coblos pecinya
berkerja,bekerja
berkesinabungan,berkesinambungan
munafikk,munafik
munafikun,munafik
munafiq,munafik
munafiqun,munafik
munaslub,musyawarah luar biasa
muncungnya,mancungnya
munyeng,puyeng
murtadz,murtad
musholla,musala
music,musik
bertanggungjawab,bertanggung jawab
bertatto,bertato
musti,harus
musuhi,memusuhi
musuhin,memusuhi
muter,memuter
bet,banget
mw,mau
betol,betul
betoll,betul
myamar,myanmar
nebeng,ikut
betul,benar
n,dan
na,nya
bewok,berewok
beye,susilo bambang yudhoyono
bg,bagi
nabrak,menabrak
bgd,banget
bgitu,begitu
bgm,bagaimana
bgmn,bagaimana
naek,naik
naekin,naikan
bgs,bagus
bgsd,bangsat
bgst,bangsat
bgstt,bangsat
bgstttttttt,bangsat
bgt,banget
nahdatul,nahdlatul ulama
bgtu,begitu
nahh,nah
bgtxx,banget
naikin,naikan
naiking,naikan
bhahahaha,haha
najiiiiiiiiiiiis,najis
bhasil,berhasil
a,aduk
bhinneka,bineka
bhkan,bahkan
bhkn,bahkan
bhs,bahasa
bhuakakakaka,haha
bhw,bahwa
biadap,biadab
biadb,biadab
biangnya,biangnya
biarin,biarkan
biasaaa,biasa
biasaaaa,biasa
namax,namanya
nambah,menambah
bibib,habib
nambang,menambang
name,nama
bicarapolitik,bicara politik
nampak,menampak
nampang,tampang
bijb,bandara internasional jawa barat
bijimane,bagaimana
nancepin,menancapkan
bikhsu,biksu
bikin,buat
bikinan,buatan
nanganin,menangani
nang,di
nanggapin,menanggapi
bilangin,bilang
nangis,menangis
bill,bon
nangislaj,menangislah
nangisss,menangis
nangkep,menangkap
bingit,banget
nantang,menantang
nantangin,menantang
nanya,bertanya
biruadanya,biru adanya
naon,apa
napa,kenapa
napadah,apa dah
bk,buku
narik,menarik
naroh,menaruh
bkalan,akan
bkan,bukan
narsum,narasumber
bkin,buat
nasdem,nasional demokrat
bkn,bukan
bknnya,bukannya
blaaa,bla
nasomalisdan,nasionalisme dan
blablabla,bla bla bla
blajar,belajar
nate,ate
blatung,belatung
blbi,bantuan likuiditas bank indonesia
blegug,bodoh
blg,bilang
blh,boleh
bli,beli
blm,belum
bln,bulan
blng,bilang
block,blok
blocked,blokir
blom,belum
bloon,beloon
blum,belum
blusukanahok,blusukan ahok
bner,benar
diapa,apa
bneran,benar
bnn,badan narkotika nasional
bnpt,badan nasional penanggulangan terorisme
bnr,benar
bnran,benaran
bnrn,benaran
bny,bothnewyear
bnyak,banyak
bnyk,banyak
bocahh,anak kecil
bodat,monyet
bodo,bodoh
boikotindosat,boikot indosat
boikotprodukchina,boikot produk cina
ncib,persib
bolang,anak petualang
bole,boleh
nda,tidak
bondo,harta
bong,kecebong
bonggg,kecebong
ndak,tidak
boongin,bohongi
ndan,dan
ngurangin,kurang
ndasmu,kepala kamu
ndayak,dayak
ndek,dik
ndelok,lihat
bosok,busuk
nderekgusmus,ikut gus mus
ndeso,kampungan
ndewek,sendiri
botul,betul
ndhog,telur
bovendigul,boven digoel
kebuka,buka
bpk,bapak
ndisiti,mendahului
ndk,tidak
br,baru
ndoweh,dower
brainwash,cuci otak
ndower,dower
brand,merek
brani,berani
braninya,beraninya
brarti,berarti
brasa,berasa
bravoo,bravo
ndut,gendut
ne,ini
nebarkan,menebarkan
neg,tawar
brekekekekek,wkwk
brengsek,berengsek
negeti,negeri
brengset,berengsek
brent,berhenti
negri,negeri
neh,nih
brgkali,barangkali
neken,menandatangani
nelen,menelan
brisek,berisik
brisik,berisik
nelpon,menelpon
brita,berita
nemen,banget
nemenin,menemani
nempo,tempo
nemu,menemukan
brli,beli
brngsekkkk,brengsek
nenggolan,nainggolan
brni,berani
nentuin,menentukan
brondong,berondong
broo,bro
brooh,bro
brosing,browsing
brp,berapa
nervous,grogi
brpkir,berpikir
netes,menetes
brrti,berarti
netijen,warganet
netizen,warganet
brti,berarti
bruakakakak,wkwk
brumob,brigade mobil
nga,tidak
brussels,brussel
brwajah,berwajah
ngaca,mengaca
bs,bisa
ngaco,kacau
bsa,bisa
bsk,besok
ngadain,mengadakan
ngadepin,menghadapi
ngadmin,admin
btl,betul
ngahok,ahoker
ngajak,mengajak
btp,ahok
ngajar,mengajar
ngajarin,mengajarkan
ngajarkan,mengajarkan
ngaji,mengaji
btw,by the way
ngajinya,mengajinya
ngak,tidak
ngakak,mengakak
buajingan,bajingan
ngaku,mengakui
buanyak,banyak
ngakunya,mengakunya
c,c
bubarin,bubarkan
ngalor,ke utara
budeg,budek
budha,buddha
budhaisme,buddhaisme
ngambil,mengambil
ngamen,mengamen
ngamfrak,ngamprah
ngamuk,mengamuk
ngancam,mengancam
bukannn,bukan
bukansamawi,bukan samawi
bukber,buka bersama
nganggur,menganggur
ngangkang,mengangkang
buktikan,buktikan
buktikn,buktikan
bul,bohong
ngantri,mengantre
ngantuk,mengantuk
nganu,anu
ngapa,kenapa
ngapain,apa
bumn,badan usaha milik negara
ngarang,garang
ngarep,mengharap
ngaruh,berpengaruh
ngasi,memberi
ngasih,memberi
buraq,burak
burjo,bubur kacang ijo
ngata,kata
burqa,burka
ngatain,memaki
buuktikan,buktikan
ngebacot,bacot
ngebahas,membahas
bw,bawa
ngebangkang,membangkang
ngebantai,membantai
bwahaha,haha
bwahahahhahha,haha
bwahahhahaha,haha
ngebayang,membayang
bwa,bawa
ngebelain,membela
bwh,bawah
bwsdn,baswedan
bwt,buat
byak,banyak
byk,banyak
ngebokep,menonton bokep
ngebom,mengebom
bynk,banyak
ngebuktiin,membuktikan
byr,bayar
cabecabeaan,cabe cabean
cabol,cabul
cabut,pergi
ngedeketin,mendekati
cacad,cacat
ngeeooahahahaaaaaaa,haha
cakep,cakap
ngegabungin,menggabungkan
cakimin,cak imin
ngegas,marah
ngegoblogan,ngegoblokin
ngeh,tahu
ngehe,ngehek
ngehinanya,menghinanya
ngejadiin,menjadikan
ngejek,mengejek
ngejelek,menjelekkan
ngejelekin,menjelekkan
ngejorokin,menjorokkan
ngeladenin,meladeni
ngelakui,melakukan
ngelaporin,melaporkan
ngelarang,melarang
ngelatur,melantur
ngelawan,melawan
cape,lelah
ngeles,menghindar
ngeliat,melihat
capernya,cari perhatiannya
capres,calon presiden
capresnya,calon presidennya
ngeluarin,mengeluarkan
ngeluhnya,mengeluhnya
ngemeng,bicara
ngemesin,menggemaskan
ngemis,mengemis
ngene,ini
cawapres,calon wakil presiden
cawagub,calon wakil gubernur
ngentat,ngentot
ngentod,ngentot
cawapresnya,calon wakil presidennya
cb,coba
ccd,cacat
ngents,kangen
cebon,kecebong
cebong,kecebong
ngeper,mengeper
ngerasa,merasa
ngerayain,merayakan
celsi,chelsea
ngerih,mengerikan
cemen,takut
suciku,suci
ngeroyok,mengeroyok
ngerti,mengerti
cengkudu,mengkudu
ngertiin,mengerti
cepet,cepat
ngertilah,mengertilah
ngerto,mengerti
ngerusak,merusak
ngeshare,membagikan
cetan,setan
ngetuit,mentwit
ngetweet,mentwit
ngetwit,mentwit
cewe,wanita
cewek,wanita
ngeue,ngewe
cewenya,wanitanya
ngga,tidak
nggak,tidak
nggo,untuk
nggonggong,menggonggong
chebong,kecebong
china,cina
chinese,cina
ngibul,bohong
ngikutin,mengikuti
ngilangin,menghilangkan
ngilmu,berilmu
ciee,wah
cie,wah
ngimpi,memimpikan
cillik,kecil
cin,cinta
ngira,mengira
cini,sini
cino,cina
cipiit,sipit
ciribkhas,ciri khas
ngk,tidak
ngledekin,meledeki
ngliatnya,melihatnya
ngmg,berbicara
ngmng,berbicara
ckakakakak,wkwk
ckckck,ckck
ckckckck,ckck
ckp,cukup
ngoahahah,haha
ngoahahaha,haha
ngobarkan,mengobarkan
clasic,klasik
ngoceh,mengoceh
ngocok,mengocok
cm,cuma
cma,cuma
cman,cuma
cmiiw,correct me if i am wrong
cmn,cuma
ngomong,bicara
ngomongmu,bicaramu
ngomongnya,bicaranya
ngomonv,bicara
ngono,begitu
ngooaaahahaaa,haha
ngopi,minum kopi
ngopo,kenapa
ngorak,mengusir
ngorbanin,mengorbankan
ngotot,mengotot
cocoklogi,cocokologi
ngpain,apa
ngr,besar rasa
ngritik,mengkritik
coment,komen
nguap,menguap
comment,komen
ngulang,mengulang
ngumbar,mengumbar
ngumpet,mengumpet
ngumpul,berkumpul
congrats,congratulation
congrat,selamat
ngungsi,mengungsi
contekan,sontekan
ngurus,mengurus
ngurusi,mengurusi
ngurusin,mengurus
ngutang,berutang
ngutangi,mengutangi
countrie,country
cowo,pria
cowok,pria
cowonya,prianya
cp,contact person
cpns,calon pegawai negeri sipil
cr,cristiano ronaldo
crita,cerita
cs,rekan
cth,contoh
ni,nih
nich,nih
nie,nih
nihh,nih
cuih,cih
nii,nih
cuihhh,cuih
cuihhhhhhh,cuih
niiih,nih
cukk,cuk
nikahin,nikahi
cuma,hanya
cuman,hanya
nilep,menilap
cunnnn,cun
ninggalin,meninggalkan
cuuyy,coy
nipu,menipu
cwe,wanita
cwek,wanita
cyberarmy,cyber army
cyin,cinta
cyinta,cinta
cz,soalnya
d,di
da,dan
l,I
dah,sudah
dajal,dajjal
njilat,jilat
njing,anjing
njlentrek,jlentrek
dalm,dalam
danain,danai
nk,nak
danhatikecilkubicara,dan hati kecilku bicara
dapa,ada apa
dapet,dapat
dapetin,mendapatkan
dapil,daerah pemilihan
darimana,dari mana
darulaman,darul aman
daruratdemokrasi,darurat demokrasi
daruratduniaperadilanindonesia,darurat dunia peradilan indonesia
daruratpki,darurat partai komunis indonesia
dasaaaar,dasar
dasadasar,dasar dasar
dasr,dasar
datangin,mendatangi
dateng,datang
dbodohi,dbodohi
dbsk,dibesuk
dbunuh,dibunuh
ddahului,didahului
dduk,duduk
de,deh
debatfinalpilkadajkt,debat final pilkada jakarta
dech,deh
dehh,deh
dek,adik
dekalarasi,deklarasi
deket,dekat
nkri,negara kesatuan republik indonesia
delok,lihat
demen,suka
somplak,jatuh
mengidentifikasi,identifikasi
denger,dengar
dengerin,dengarkan
dengn,dengan
densus,betasemen khusus
depermasalahkan,dipermasalahkan
desc,describe
dg,dengan
dgan,dengan
dgn,dengan
dh,sudah
dhe,deh
dholimi,zalimi
diaa,dia
diajarin,diajari
diamlo,diam kamu
dianggsp,dianggap
diatas,di atas
diawal,di awal
dibales,dibalas
dibangkitin,dibangkitkan
dibawah,di bawah
dibelakang,di belakang
dibenerin,dibenarkan
diberitain,diberitakan
dibiarin,dibiarkan
dibikin,dibuat
nmr,nomor
butek,kusam
dibodohin,dibodohi
dibriefing,dipengarahan
dibubari,dibubarkan
dibubarin,dibubarkan
dibui,di bui
dibumi,di bumi
jerawatan,jerrawat
diceritain,diceritakan
dicomberan,di comberan
nngebah,bahas
didalam,di dalam
omelin,marah
didanau,di danau
didepan,di depan
didn,did not
didptkn,didapatkan
nnti,nanti
didumay,di dunia maya
nntn,menonton
die,dia
diem,diam
diemin,diamkan
dientotin,dientot
dienyek,diejek
nobar,menonton bareng
nobel,nobel
nobodylikes,nobody likes
noh,itu
digedein,dibesarkan
digebukin,digebuki
digereja,di gereja
noks,oke
diginiin,dibeginikan
digituin,dibegitukan
dih,ih
dihabisin,dihabiskan
dihalaman,di halaman
dihebohin,dihebohkan
nonton,menonton
diijinkan,diizinkan
noo,no
diikutin,diikuti
nope,tidak
diingetin,diingatkan
diinjek,diinjak
diitung,dihitung
dijadiin,dijadikan
dijakarta,di jakarta
o,o
dijalan,di jalan
dikadalin,dikadali
dikasi,dikasih
dikedua,di kedua
sehatmu,sehat
dikipasin,dikipasi
dikit,sedikit
diktaktor,diktator
dilayan,dilayani
dilayanin,dilayani
dilepasin,dilepaskan
diliat,dilihat
diluar,di luar
dimaklumin,dimaklumi
dimalaysia,di malaysia
dimarahin,dimarahi
dimasa,di masa
dimasukin,dimasuki
dimedan,di medan
dimples,lesung pipi
dimute,disenyapkan
dinegeri,di negeri
dingertiin,dimengerti
dinungo,doa
dinyinyirin,dinyinyiri
diormas,di organisasi masyarakat
dipake,dipakai
dipantat,di pantat
dipasangin,dipasangkan
dipenjara,di penjara
diphk,dipecat
dipiara,dipelihara
dipimpinulama,dipimpin ulama
diporakporandakan,diporakporandakan
diracuni,diracun
diradio,di radio
direzim,di rezim
diributin,diributkan
dirjen,direktur jenderal
dirohingnya,di rohingya
dirumah,di rumah
dirut,direktur utama
disaat,di saat
disalahin,disalahkan
taulah,tau
ademnya,adem
disam,disama
disana,di sana
disebelah,di sebelah
disebuah,di sebuah
disemua,di semua
handbody,lotion
disholatin,disalati
disini,di sini
disisi,di sisi
disitu,di situ
diskrening,diskrining
diskusikde,diskusi
disni,di sini
ntah,entah
sisaan,sisa
disulut,di sulawesi utara
ntar,nanti
ntb,nusa tenggara barat
ditanggepi,ditanggapi
ditanggepin,ditanggapi
ditanyain,ditanyakan
dikon,diskon
ditawarin,ditawari
ditemuin,ditemukan
ditepi,di tepi
e,e
nti,nanti
diteriakin,diteriaki
ditidurin,ditiduri
ditungguin,ditunggu
diushakan,diusahakan
ntr,nanti
dizholimi,dizalimi
dkat,dekat
dki,daerah khusus ibukota
nuduh,menuduh
nuh,nuh
dkk,dan kawan kawan
nulis,menulis
dkung,dukung
dl,dulu
numpang,menumpang
dll,dan lain lain
numpuk,menumpuk
dlm,dalam
nunggak,menunggak
nunggu,menunggu
dlu,dulu
dluu,dulu
dm,direct message
nurull,nurul
dmn,di mana
dmna,di mana
dn,dan
dng,dengan
nusuk,menusuk
nutup,menutup
dngn,dengan
doain,doakan
doang,saja
doank,doang
doer,dower
doesn,does not
dog,dog
doh,aduh
doi,dia
ny,nya
dok,dokumen
nyaaa,nya
nyadar,menyadari
don,do not
donal,donald
dongo,dungu
dongok,dungu
nyalahin,menyalahkan
donk,dong
nyamar,menyamar
dont,do not
nyambung,menyambung
dool,doll
nyampe,sampai
nyampah,menyampah
dorg,dog
nyampur,mencampur
nyang,yang
nyanggup,menyanggupi
dosaa,dosa
doyan,suka
dp,uang muka
nyantai,bersantai
nyangkutnya,menyangkutnya
nyapres,mencalonkan presiden
dpkir,dipikir
nyari,mencari
nyasar,menyasar
dpr,dewan perwakilan rakyat
nyatain,menyatakan
dprd,dewan perwakilan rakyat daerah
dpt,dapat
nye,nya
dr,dari
nyebarin,menyebarkan
nyebelin,menyebalkan
nyebur,mencebur
nyebut,menyebut
dri,dari
drii,dari
nyekek,mencekik
nyela,menyela
nyelip,terselip
drpd,daripada
nyembah,menyembah
dsana,di sana
dsar,dasar
dsb,dan sebagainya
dsna,disana
dsnajib,dis najib
nyerah,menyerah
nyerang,menyerang
dst,dan seterusnya
nyesal,menyesal
nyet,monyet
nyetak,mencetak
nyetel,menyetel
dtg,datang
nyetriming,menyetreaming
nyiapin,menyiapkan
dtr,datar
dtrma,diterima
nyimpan,menyimpan
duabelas,dua belas
nyinggung,menyinggung
dubes,duta besar
nyinyirin,nyinyir
nyinyit,nyinyir
duh,aduh
duhhh,duh
nyo,nya
nyoblos,mencoblos
nyoh,nih
duluan,lebih dulu
nyokap,ibu
k,k
nyolot,solot
nyolong,mencuri
nyontek,menyontek
dumbception,dumb ception
dunk,dong
dunn,dong
dunningkrugereffect,dunning kruger effect
nyuk,kunyuk
dunyo,dunia
nyumbang,menyumbang
nyundul,menyundul
durung,belum
nyusul,menyusul
nyusup,menyusup
dy,dia
dya,dia
oalah,alah
dzalim,zalim
oborrakyat,obor rakyat
obrak,ubrak
obrolanekz,obrolan
dzolimi,dizalimi
eaa,eak
eaakkk,eak
ogaaaah,tidak mau
eanjink,eh anjing
ogah,tidak mau
ebonger,cebonger
ebonk,kecebong
ohh,oh
ohhhhh,oh
ohiya,oh iya
ech,eh
ohhh,oh
oiya,oh iya
edan,gila
ok,oke
okb,orang kaya baru
okeh,oke
ee,tai
eeee,eh
okut,ogan komering ulu timur
eeemelawan,eh melawan
eeh,eh
olh,oleh
eek,tai
eet,eh
ombusman,ombudsman
omdo,bicara saja
efec,efek
omg,oh my god
omputeh,orang putih
omsetnya,omzetnya
ehat,eh
ehe,eh
onta,unta
oo,oh
ehh,eh
oom,om
oon,beloon
ehhh,eh
oooh,oh
oooo,oh
ekosistim,ekosistem
opm,organisasi papua merdeka
ekstrim,ekstrem
uhuk,maaf
ektp,elektonik kartu tanda penduduk
oprohingya,op rohingya
elah,alah
elaj,alah
or,orang
ora,tidak
oraang,orang
elekku,jelekku
orangg,orang
elit,elite
elo,kamu
orba,orde baru
org,orang
elu,kamu
ori,orisinal
orla,orde lama
ormas,organisasi masyarakat
orng,orang
emang,memang
emangnya,memangnya
emank,memang
ortodox,ortodoks
ortu,orang tua
ortunya,orang tuanya
otakny,otaknya
emg,memang
emggak,tidak
otong,titit
otaknye,otaknya
otw,on the way
emng,memang
emyu,manchester united
oxigen,oksigen
pa,pak
endasmu,kepala kamu
ending,akhir
endingnya,akhirnya
endog,telur
paan,apaan
engga,tidak
enggak,tidak
engkau,kamu
enjing,anjing
baguslah,bagus
pade,pakde
ente,kamu
entar,nanti
paek,dekat
eps,episode
eqch,each
pake,pakai
pakek,pakai
esdm,energi dan sumber daya mineral
eslam,islam
pala,kepala
palabuhanratu,pelabuhan ratu
esok,besok
palagi,apalagi
palestin,palestina
eue,ngewe
palestine,palestina
palibg,paling
euy,oi
pan,kapan
everythings,segalanya
ew,ngewe
ewe,ngewe
ewean,ngewe
ewek,ngewe
exis,eksis
pansus,panitia khusus
pantes,pantas
pantesan,pantas saja
panteslah,pantaslah
exorcism,eksorsisme
exorcist,eksorsisme
papah,bapak
extra,ekstra
extrimis,ekstremis
parlimen,parlemen
parpol,partai politik
facupfinal,fa cup final
parpolnya,partai politiknya
faggs,faggot
faham,paham
parti,party
parte,partai
fait,faith
paslon,pasangan calon
ngeklaim,klaim
fakuy,fuck you
pastiin,pastikan
pastu,pasti
ngebuat,buat
patriotis,patriotik
fans,fan
fansnya,fansnya
fantasan,pantas saja
farhatabbaslaw,farhat abbas law
pbwibowo,pb wibowo
pd,pada
pda,pada
fb,facebook
fc,fuck
pdhal,padahal
fck,fuck
pdhl,padahal
fcking,fuck
pdip,partai demokrasi indonesia perjuangan
pdi,partai demokrasi indonesia
fckk,fuck
pdiperjuanganmenang,partai demokrasi indonesia perjuangan menang
feb,februari
pdtt,pembangunan daerah tertinggal dan transmigrasi
fekaes,partai keadilan sejahtera
pea,peang
pecinta,pencinta
fi,di
pecus,becus
fifis,pipis
fikir,pikir
peepanjang,perpanjang
filaafat,filsafat
pegi,pergi
pegimana,bagaimana
pekaes,partai keadilan sejahtera
pekok,bodoh
finta,pinta
pelakor,perebut pria orang
pelanggaan,pelanggan
fitn,fit
fiykum,fiikum
pelcija,persija
pelidung,pelindung
fkl,forum konservasi leuser
pelototin,pelototi
pem,protein energy malnutrition
pemaen,pemain
fmi,federasi mountaineering indonesia
pembawah,pembawa
followers,pengikut
pembrontakan,pemberontakan
pemda,pemerintah daerah
beginian,begini
pemerinth,pemerintah
pemghuni,penghuni
forikan,forum peningkatan konsumsi ikan nasional
pemilu,pemilihan umum
pemimpim,pemimpin
pemimpindarimasjid,pemimpin dari masjid
pemimpinkafir,pemimpin kafir
fpi,front pembela islam
pemkot,pemerintah kota
fpie,front pembela islam
pemkab,pemerintah kabupaten
pemprov,pemerintah provinsi
freemasonry,freemason
v,v
pendajal,perusak
pendemo,pedemo
frepot,freeport
pendrive,penyetir
penegakkan,penegakan
penfitnah,pemfitnah
fucc,fuck
fucked,fuck
fucker,fuck
fuckers,fuck
pengen,ingin
fucking,fuck
penggallah,penggalah
penghianat,pengkhianat
t,t
penghiyanat,pengkhianat
fuckry,fuck
penghianatan,pengkhianatan
pengidola,penggemar
pengin,ingin
fuhhh,uh
fui,huh
fuih,huh
pengkhianat,penghianat
penjajh,penjajah
fuuuuuuuuuuuuccccckkkk,fuck
fyi,for your information
g,tidak
ga,tidak
gaada,tidak ada
peramg,perang
perancis,prancis
gabener,tidak benar
gabenernya,tidak benarnya
gaberani,tidak berani
gaboleh,tidak boleh
gabut,kurang kerjaan
gada,tidak ada
gaes,guys
perempuanmuliadenganislam,perempuan mulia dengan islam
gafatar,gerakan fajar nusantara
perindo,partai persatuan indonesia
peristiw,peristiwa
perjinahan,perzinaan
gajelas,tidak jelas
perkerja,pekerja
gajetot,tidak jelas ngentot
gak,tidak
gakan,tidak akan
gakmau,tidak mau
perosak,perusak
perppu,peraturan pemerintah pengganti undang undang
gakusah,tidak usah
perpu,peraturan pemerintah pengganti undang undang
persentasikan,presentasikan
gamau,tidak mau
gampang,mudah
pertikai,pertikaian
gan,juragan
pertiwa,peristiwa
gangerti,tidak mengerti
perutmya,perutnya
perutnye,perutnya
perzinahan,perzinaan
petamina,pertamina
melipir,melebihi
pete,petai
petromax,petromaks
gantipresiden,ganti presiden
gantipreside,ganti presiden
gantipresidenyuk,ganti presiden yuk
gantle,gentle
ganyangmalaysia,ganyang malaysia
gapaham,tidak paham
gapain,apa
gapapa,tidak apa apa
philipina,filipina
gapernah,tidak pernah
picek,picek
gapunya,tidak punya
garem,garam
pilem,film
pilgub,pilihan gubernur
gasii,tidak sih
gass,gas
performancenya,performa
gasuka,tidak suka
gatau,tidak tahu
gatsu,gatot subroto
pilkada,pilihan kepala daerah
gausa,tidak usah
gausah,tidak usah
gawe,kerja
gaweannya,pekerjaannya
gaweni,membuat
pilpres,pemilihan presiden
gayangmalaysia,ganyang malaysia
pimred,pimpinan redaksi
pinter,pintar
pinteran,lebih pintar
pinternya,pintarnya
gayvid,gay video
gayya,gaya
gbk,gelora bung karno
gblg,goblok
pisan,banget
gblknya,gobloknya
gbr,gambar
piye,bagaimana
gc,gerak cepat
gd,besar
gda,tidak ada
pk,pak
gebukpki,gebuk partai komunis indonesia
pkb,partai kebangkitan bangsa
gede,besar
pke,pakai
pki,partai komunis indonesia
gegara,gara gara
pkibukanindonesia,partai komunis indonesia bukan indonesia
pkiklau,partai komunis indonesia kalau
pkl,pukul
gelangkode,gelang kode
pks,partai keadilan sejahtera
geleme,maunya
planga,plonga
playing,memainkan
playvictim,play victim
gemes,gemas
plg,pulang
pling,paling
pljrn,pelajaran
plk,pendidikan layanan khusus
gendeng,gila
pln,perusahaan listrik negara
plmbng,palembang
gendheng,gila
plongaplo,plonga plongo
plongaplongo,plonga plongo
diketiak,ketiak
pmbangunan,pembangunan
genk,geng
gentlemen,gentleman
pmii,pergerakan mahasiswa islam indonesia
pmpek,pempek
gerakannasionalkedaulatanrakyat,gerakan nasional kedaulatan rakyat
gerakin,menggerakkan
gercep,gerak cepat
googling,google
pndukung,pendukung
pngangguran,pengangguran
getel,gatel
pngebetnya,ngebet
gg,tidak
pngkhianat,pengkhianat
gi,lagi
gihh,gih
gilaaa,gila
gilaaaa,gila
pns,pegawai negeri sipil
pny,punya
pnya,punya
gile,gila
podusen,produsen
gima,bagaimana
pointernya,penunjuknya
gimana,bagaimana
pokoe,pokoknya
gimna,bagaimana
pokonya,pokoknya
gini,begini
ginian,beginian
polda,kepolisian daerah
poling,polling
gitu,begitu
gituan,begitu
gituh,begitu
polres,polisi resor
polri,kepolisian republik indonesia
polsek,kepolisian sektor
gk,tidak
pondokleleaksanacirebon,pondok lele aksana cirebon
gkjw,gereja kristen jawi wetan
glojotan,kelojotan
gmana,bagaimana
gmbi,gerakan masyarakat bawah indonesia
gmn,bagaimana
gmna,bagaimana
ppp,partai persatuan pembangunan
pqdahal,padahal
gmw,tidak mau
gn,begini
gni,begini
goa,gua
goblog,goblok
goblokkkk,goblok
prabowosandi,prabowo sandi
goib,gaib
gombel,gembel
gonna,going to
prayforgazza,pray for gaza
prayforpalastine,pray for palestine
prayforrohingya,pray for rohingya
gosah,tidak usah
goublog,goblok
prcya,percaya
preet,pret
govt,government
gpp,tidak apa apa
presidens,presiden
gps,global positioning system
presidenya,presidennya
prestasli,prestasi
prett,pret
prgi,pergi
pri,pria
pribumu,pribumi
prioriti,prioritas
greja,gereja
gmpang,mudah
gronbrekeng,groundbreaking
prnampilan,penampilan
prnh,pernah
groupnya,grupnya
gruduk,gerebek
grundr,grindr
produktifitas,produktivitas
professional,profesional
gt,begitu
profile,profil
gta,grand theft auto
gtu,begitu
gtuan,begituan
project,proyek
gua,aku
guaa,aku
guak,aku
promote,mempromosikan
gub,gubernur
gubenue,gubernur
gue,aku
provider,penyedia
prri,pemerintahan revolusioner republik indonesia
guoblog,goblok
prtama,pertama
guobloge,gobloknya
guoblokkk,goblok
prustasi,frustrasi
ps,play station
gusdur,gus dur
gusipu,gus ipul
psk,pekerja seks komersial
b,b
psl,pasal
duitnya,uang
psti,pasti
kekeh,ketawa
gw,aku
ptg,penting
ptun,pengadilan tata usaha negara
ptut,patut
pu,punya
puasin,puaskan
ha,apa
pulak,pula
puluhancina,puluhan cina
pupr,pekerjaan umum dan perumahan rakyat
hadeh,aduh
purn,purna
hadehhh,aduh
hadekh,aduh
pusying,pusing
hadeuh,aduh
puser,pusar
hadeuhh,aduh
hadehh,aduh
hadist,hadis
hadits,hadis
haduh,aduh
haduhhh,aduh
i,i
q,aku
hah,ha
hahaa,haha
palingan,paling
hahaah,haha
hahah,haha
hahaha,haha
hahahah,haha
hahahaha,haha
qq,kakak
hahahahaha,haha
quota,kuota
quote,kutipan
quran,alquran
quranku,alquranku
qurban,kurban
rabb,rabi
hahahha,haha
radicals,radikal
hahha,haha
hahhaa,haha
rag,raga
raimu,mukamu
raisin,tidak malu
raiso,tidak bisa
rakyak,rakyat
ramadhan,ramadan
halaah,alah
ramasan,ramadan
rame,ramai
halah,alah
ramenya,ramainya
ham,hak asasi manusia
rapopo,tidak apa apa
hambok,hanbok
rapist,pemerkosa
hancurkanpartaisetan,hancurkan partai setan
hancurkanpks,hancurkan partai keadilan sejahtera
raseneng,tidak suka
hangeng,han geng
rasis,rasisme
hanya,cuma
rausahmundurrausahwedi,tidak perlu mundur tidak perlu takut
hapusmalaysiadariasean,hapus malaysia dari asean
haqq,hakiki
razim,rezim
rb,ribu
rbu,ribu
haramin,haramkan
rdpu,reksadana pasar uang
realitinya,realitanya
realized,menyadari
rebutan,berebut
reflek,refleks
relah,telah
hateindonsia,hate indonesia
rendeman,rendaman
hatters,hater
hauahahaha,haha
hauzid,hazid
hauzminiquiz,haus mini quiz
hay,hai
req,request
hayalan,khayalan
rese,resek
republic,republik
resident,residen
residence,residen
resiko,risiko
hayoo,ayo
hayang,sayang
hayu,ayo
restorannya,restoran
reti,mengerti
retweeted,retweet
hbs,habis
rezimrepresifantiislam,rezim represif anti islam
ri,republik indonesia
hdi,hadi
hdmy,herman deru mawardi yahya
hdp,hidup
ributin,meributkan
hdup,hidup
ridhuan,ridwan
ridwal,ridwan
hahaaa,lucu
rijik,rizieq
rindhu,rindu
hebohin,hebohkan
hee,he
heechul,he decul
heee,eh
heeee,eh
heh,he
hehe,hehe
hehee,hehe
heheh,hehe
hehehe,hehe
rkyt,rakyat
hei,hai
heleh,alah
rmh,rumah
robah,ubah
hello,halo
robbie,robi
roc,rock
heloo,halo
rohingnya,rohingya
helps,help
hensem,handsome
hepi,senang
rosak,rusak
rot,root
rp,rupiah
hestek,tagar
rrc,republik rakyat cina
rs,rumah sakit
rssw,rumah sakit sumber waras
hh,hem
hha,haha
hhaa,haha
hhhhh,haha
hi,hai
hianat,khianat
hidupmahasiswa,hidup mahasiswa
ruu,rancangan undang undang
hiduprakyatindonesia,hidup rakyat indonesia
kebangetan,banget
s,si
hih,ih
hihihi,hihi
hihihihi,hihi
saari,sari
hihihihihi,hihi
hihihihihihi,hihi
hihi,hihi
p,p
hindhu,hindu
sadizzz,sadis
history,histori
hkbp,huria kristen batak protestan
saha,siapa
saik,asyik
saiki,sekarang
sajah,saja
hm,hem
hmm,hem
hmmm,hem
salahbsatu,salah satu
hmpir,hampir
hny,cuma
hnya,cuma
hoaalaaaah,alah
hoak,hoaks
salami,menyalami
hoax,hoaks
salken,salam kenal
hoi,oi
samain,samakan
samapi,sampai
hooh,iya
sambangi,menyambangi
sampe,sampai
sampek,sampai
hp,handphone
hr,hari
hrg,harga
sandirawa,sandiwara
hrp,harap
hrs,harus
hrsnya,seharusnya
hrus,harus
hsl,hasil
ht,hati
hti,hizbut tahrir indonesia
sape,siapa
hua,wow
hub,hubung
saranin,menyarankan
sarankan,menyarankan
sare,tidur
huehue,hehe
huekekekek,hehe
huft,duh
hukm,hukum
saudaraan,bersaudara
hutang,utang
savekpk,save komisi pemberantasan korupsi
huuuft,duh
saverohingya,save rohingya
huuuuuuuu,huh
saweranjateng,saweran jawa tengah
iaa,iya
ibukota,ibu kota
icmi,ikatan cendekiawan muslim indonesia
sayapnya,sayapnya
icymi,in case you missed it
sbagai,sebagai
idea,ide
idih,weh
sbb,sebab
idol,idola
idolnya,idolanya
sbelom,sebelum
sbelum,sebelum
sbg,sebagai
sbgai,sebagai
idup,hidup
ied,idulfitri
sblm,sebelum
ig,instagram
sblum,sebelum
sblumnya,sebelumnya
ihh,ih
sbnrnya,sebenarnya
ii,ih
iih,ih
sby,susilo bambang yudhoyono
ijin,izin
ijinkan,izinkan
ijo,hijau
ijp,imbal jasa penjaminan
scr,secara
screenshot,screenshoot
screenshotan,hasil screenshoot
scren,layar
sd,sekolah dasar
iki,ini
iklanahokjahat,iklan ahok jahat
sdah,sudah
sdg,sedang
sdh,sudah
ilang,hilang
sdr,sadar
sdra,saudara
sdri,saudari
ilc,indonesia lawyers club
ilatmu,lidahmu
ilcjokowiprabowoberbalaspantun,indonesia lawyers club prabowo berbalas pantun
ilcprabowomenyerang,indonesia lawyers club prabowo menyerang
ilike,i like
ilmah,ilmiah
iluni,ikatan alumni universitas indonesia
im,i am
seandai,seandainya
search,cari
sebaga,sebagai
sebagi,sebagian
sebel,kesal
sebenar,sebenarnya
sebenernya,sebenarnya
sebenranya,sebenarnya
seberapapun,berapapun
seberulnya,sebenarnya
sebetulnya,sebenarnya
ina,indonesia
seblum,sebelum
kulitku,kulit
sebutin,sebutkan
secepetnya,secepatnya
ind,indonesia
sedara,sedarah
indek,indeks
independen,bebas
sedulur,saudara
indiehome,indihome
indo,indonesia
sedulurngajikotabatu,saudara mengaji kota batu
sedulurngajijombang,saudara mengaji jombang
seekali,sekali
indochina,indonesia china
segala,segala
indon,indonesia
indoneisia,indonesia
indones,indonesia
indonesiaa,indonesia
seh,sih
sehak,sehat
mbaknya,kakak
seinget,seingat
sejahterakn,sejahterakan
indonesiakuasaifreeport,indonesia kuasai freeport
sekarng,sekarang
sekebon,sekebun
sekedar,sekadar
indons,indonesia
sekjenya,sekretariat jenderalnya
j,j
sekola,sekolah
sekolaan,sekolahan
sekrang,sekarang
selaen,selain
inget,ingat
ingetanku,ingatanku
selamatkenhutan,selamatkan hutan
selametan,selamatan
selapajang,selapangan
selebgram,selebriti instagram
ingris,inggris
ingt,ingat
selesei,selesai
selfie,swafoto
inibaruwow,ini baru wow
selkulit,sel kulit
initi,inti
injek,injak
semalem,semalam
inpres,instruksi presiden
inshaallah,insyaallah
h,harus
insidentil,insidental
instant,instan
insyaallah,insyaallah
sempa,sempat
intelejen,intelijen
semprulllll,semprul
semwa,semua
inusgelo,inus gila
invest,investasi
sendir,sendiri
ipk,indeks prestasi kumulatif
ips,ilmu pengetahuan sosial
iq,intelligence quotient
seneng,senang
sensi,sensitif
isa,bisa
iseas,institute of southeast asian studies
seorg,seorang
separo,separuh
isla,islam
islami,islam
islamituramahbukanmarah,islam itu ramah bukan marah
seprt,seperti
seprti,seperti
sept,september
iso,bisa
serching,searching
serem,seram
issu,isu
issue,isu
israil,izrail
israhell,israel hell
istighfar,istigfar
seriuus,serius
istiqomah,istikamah
sesek,sesak
isyu,isu
isue,issue
sesuatunya,sesuatu
item,hitam
setau,sepengetahuan
itung,hitung
setelahnya,setelahnya
itungan,hitungan
ituuu,itu
settingan,setingan
iyaa,iya
setujuu,setuju
iyo,iya
iyoo,iya
iyup,iya
iyuuhhh,ih
sgt,sangat
sgtu,sebegitu
sgtunya,segitunya
shah,sah
shalat,salat
jad,jadi
shameonyou,shame on you
jadiin,jadikan
shameonyoumalaysia,shame on you malaysia
shameonyousaddiq,shame on you saddiq
shameonyousyedsaddiq,shame on you syed saddiq
jahahaha,haha
jahatin,menjahati
jahiliah,jahiliyah
jahudi,yahudi
shg,sehingga
jakartabanjir,jakarta banjir
shm,sertifikat hak milik
sholat,salat
sholatin,disalatkan
jaman,zaman
sholeh,saleh
jamannya,zamannya
jan,jangan
jancik,jancuk
jancok,jancuk
si,sih
sia,kamu
jancoooookkk,jancuk
jande,janda
siaap,siap
jangnlan,janganlah
siape,siapa
siapepun,siapapun
siapin,siapkan
jarot,djarot
jasat,jasad
sib,sip
jateng,jawa tengah
jasmev,jokowi ahok social media volunteer
jatim,jawa timur
jatohnya,jatuhnya
sidangahok,sidang ahok
sifit,sipit
signal,sinyal
jawapos,jawa pos
jd,jadi
jdi,jadi
jdkan,jadikan
sihhhh,sih
jdnya,jadinya
je,saja
jebleh,jablay
jeksen,jackson
jela,sajalah
silahkan,silakan
jelekin,menjelekkan
jelekkan,menjelekkan
silaturahim,silaturahmi
jenderal,jendral
jendral,jenderal
sindroma,sindrom
singapore,singapura
singapur,singapura
jeplak,jiplak
sipenista,si penista
jesus,yesus
sipitin,sipit
jg,juga
jga,juga
sireena,si reena
jgn,jangan
sisan,sekalian
jgnkorupsi,jangan korupsi
situ,kamu
jiahahahhh,jiah
jiamput,jembut
sj,saja
jiji,jijik
sk,surat keputusan
skak,sekak
skali,sekali
skaligus,sekaligus
jingan,jangan
skarang,sekarang
skck,surat keterangan catatan kepolisian
jjkp,jomlo jablay kebelet pacaran
skg,sekarang
jk,kalau
jka,kalau
skli,sekali
sklinya,sekalinya
jkt,jakarta
jkw,jokowi
sko,surat keputusan otorisasi
skr,sekarang
skrg,sekarang
skrng,sekarang
jln,jalan
jls,jelas
jmn,zaman
slah,salah
slain,selain
slalu,selalu
slama,selama
jng,jangan
jngn,jangan
slamet,selamat
jngan,jangan
slepet,kepret
jogja,yogyakarta
slga,alga
slh,salah
sll,selalu
slm,salam
slma,selama
jokahok,jokowi ahok
jokopret,jokowi kampret
jokowiagain,jokowi lagi
sluruh,seluruh
jokowiajakmasyarakatoptimistis,jokowi ajak masyarakat optimis
sm,sama
jokowiajakulamasejukkanpilkada,jokowi ajak ulama sejukkan pilkada
sma,sama
jokowicakimin,jokowi cak imin
smakin,semakin
smart,pintar
jokowiend,jokowi end
jokowikunkerjabar,jokowikunjungan kerja jawa barat
jokowimundur,jokowi mundur
smg,semoga
smga,semoga
jokowiradikal,jokowi radikal
jokowisayangipapua,jokowi sayangi papua
smkin,semakin
jokowiturun,jokowi turun
jolowi,jokowi
jombangemerlap,jombang gemerlap
smoga,semoga
smp,sampai
jombi,zombi
jomblo,jomlo
jorokin,jorokkan
smua,semua
sna,sana
sndiri,sendiri
sndri,sendiri
snek,makanan ringan
jt,juta
jualin,jualkan
sngt,sangat
soale,soalnya
judisial,yudisial
jug,juga
society,masyarakat
socmed,media sosial
sodar,saudara
sodara,saudara
jugak,juga
sodaranya,saudaranya
juha,juga
sodorin,sodori
jumaat,jumat
june,juni
junjunanmu,junjunganmu
solat,salat
junjunganya,junjungannya
soleh,saleh
solvability,solvabilitas
juve,juventus
jwb,jawab
sono,sana
jyjyk,jijik
ka,kakak
sooman,soo man
sooo,jadi
sopo,siapa
sorang,seorang
sorga,surga
sorry,maaf
sory,maaf
sosayeti,masyarakat
sosmed,media sosial
sotooooy,sok tahu
kabeh,semua
sotoy,sok tahu
kabehmakmur,semua makmur
kabehsedulur,semua bersaudara
sparatis,separatis
kabuuurr,kabur
kacamat,kacamata
special,spesial
kachung,kacung
kacian,kasihan
spemkiirannya,sepemikiranya
sperti,seperti
sportifitas,sportivitas
kafirin,kafirkan
kafr,kafir
kaga,tidak
sprti,seperti
sprtinya,sepertinya
spsi,serikat pekerja seluruh indonesia
spt,seperti
kagak,tidak
sprt,seperti
kai,kamu
spti,seperti
kahwinkanlah,kawinkanlah
kak,kakak
kaka,kakak
kakean,kebanyakan
kalbar,kalimantan barat
kale,kali
staguf,staquf
statement,pernyataan
statust,status
kalii,kali
kaliiii,kali
kalik,kali
stelah,setelah
kalo,kalau
stiap,setiap
kalopun,kalaupun
kalu,kalau
stlh,setelah
stock,persediaan
stoke,strok
kam,kamu
stopkriminalisasiulama,stop kriminalisasi ulama
kamfret,kampret
stoptkachina,stop tenaga kerja asing cina
story,cerita
kamibersamaulama,kami bersama ulama
stress,stres
stu,satu
stuju,setuju
stupid,bodoh
kampreet,kampret
subeye,susilo bambang yudhoyono
subeyers,pengikut susilo bambang yudhoyono
kampreters,kampreter
kamprett,kampret
kampretzz,kampret
kamprey,kampret
kamvret,kampret
kang,kakak
sueeeee,suek
suharto,soeharto
suju,super junior
suk,suka
sukak,suka
sukamwati,sukmawati
kant,kan
kantaibanget,kan tai banget
sukarno,soekarno
kao,kamu
sukmawati,sukmawati
kapir,kafir
kapirin,kafir
kapirun,kafir
kapolda,kepala polisi daerah
kapolri,kepala kepolisian negara republik indonesia
sukuran,syukuran
suliddddd,sulit
sulsel,sulawesi selatan
sulteng,sulawesi tengah
sumatra,sumatera
karna,karena
karo,sama
sumpahpemuda,sumpah pemuda
sumsel,sumatera selatan
sumut,sumatera utara
kasi,kasih
kasian,kasihan
sundel,sundal
kasib,kasih
kasn,komisi aparatur sipil negara
suply,supply
surambray,suram bro
katain,ejek
suru,suruh
surveynya,survei
katawarganet,kata warganet
suudzon,suuzan
kau,kamu
kaun,kaum
sweping,sweeping
kaw,kamu
swt,subhanahu wa taala
sy,aku
sya,aku
kawe,tiruan
kayanya,sepertinya
syantik,cantik
kayk,kayak
kbakaran,kebakaran
kbanyakan,kebanyakan
syariah,syariat
syarwan,seriawan
syaykhunaa,syaikhuna
syetan,setan
kbnyakan,kebanyakan
kbr,kabar
syi,syiah
syihaab,shihab
syihab,shihab
syndrome,sindrom
syp,siapa
kearah,ke arah
kebany,kebanyakan
kebanyakkan,kebanyakan
tabligh,tablig
kebanyakn,kebanyakan
tadz,ustaz
kebayang,terbayang
tae,tai
taeeekkk,tai
taek,tai
taekkk,tai
taekkkkkk,tai
kebhinekaan,kebinekaan
kebhinnekaan,kebinekaan
tahanpenista,tahan penista
kebijakam,kebijakan
tahunya,tahunnya
kebongkar,terbongkar
taiiii,tai
taiiiii,tai
taik,tai
kebusukab,kebusukan
taikers,tai
kec,kecamatan
taj,tai
kecebobg,kecebong
tak,tidak
keciduk,terciduk
takbirallauakbar,takbir allahu akbar
takleh,tidaklah
kecoa,kecoak
kedalam,ke dalam
takuut,takut
kedepan,ke depan
talking,membicarakan
kegaduan,kegaduhan
tampol,tabok
kegoblokkan,kegoblokan
tancep,tancap
tandatangan,tanda tangan
tandatangani,tanda tangani
kehid,kehidupan
tanggepin,tanggapi
keinjek,terinjak
keinj,terinjak
tangkep,tangkap
kek,seperti
kekiri,ke kiri
keknya,sepertinya
tanyain,tanyakan
taon,tahun
tapiiii,tetapi
kelar,selesai
kelaut,ke laut
kelen,kalian
tariff,tarif
taqwa,takwa
keliatan,kelihatan
kelojotan,kelojotan
kelolah,kelola
tauk,tahu
taun,tahun
tauuu,tahu
kemaren,kemarin
kembalika,kembalikan
kembalikanmediaislam,kembalikan media islam
kemen,kementerian
kemenag,kementerian agama
kemenagama,kementerian agama
tbh,sejujurnya
kemendes,kementerian pedesaan
kemendikbud,kementerian pendidikan dan kebudayaan
kemendikbudnya,kementerian pendidikan dan kebudayaan
td,tadi
tdak,tidak
tdi,tadi
tdk,tidak
kemensos,kementerian sosial
kementrian,kementerian
keminter,sok pintar
team,tim
kemudahaan,kemudahan
tebellah,tebal lah
kemuncylannya,kemunculannya
tee,trans esophageal echocardiografi
kenape,kenapa
kenceng,kencang
kencink,kencing
kenyataannya,kenyataanya
telek,tai
telibat,terlibat
telpon,telepon
kepeleset,kepleset
keperpihakan,keberpihakan
kepo,ingin tahu
temen,teman
kepseknya,kepala sekolahnya
temennya,temannya
tenan,benaran
tenggelamkanpdip,tenggelamkan partai demokrasi indonesia perjuangan
tenggelemin,tenggelamkan
kerena,karena
tengok,lihat
kerjaan,pekerjaan
kerjaanya,kerjaannya
kerjasama,kerja sama
tepokjidat,tepuk jidat
teraflisiasi,terafiliasi
kerumah,ke rumah
terangkanpon,terangkan pon
kesel,kesal
terbukt,terbukti
kesian,kasihan
tercydux,terciduk
terfikir,terpikir
ketauan,ketahuan
ketawa,tertawa
ketawain,mentertawakan
teriakin,teriaki
ketebelece,katebelece
teriakkan,teriakan
terimakasih,terima kasih
terjdi,terjadi
terkhir,terakhir
ketuker,tertukar
ketulang,ke tulang
ketum,ketua umum
ternakin,ternak
ternyta,ternyata
kgb,korban galau berat
kgk,tidak
terorist,teroris
khan,kan
terroris,teroris
khatab,khattab
khatolik,katolik
khbisan,kehabisan
khe,hehe
teru,terus
khofifahemiljatimsatu,khofifah emil jawa timur satu
terurama,terutama
khonghucu,konghucu
khulafur,khulafaur
khusskn,khususkan
terxium,tercium
khutbahnya,khotbahnya
test,tes
kibulin,bohongi
teta,tetap
kieu,seperti ini
kih,koalisi indonesia hebat
tetapjokowi,tetap jokowi
killafah,khilafah
kilafah,khilafah
kimakkk,kimak
kimjiy,kimcil
kirain,kiraan
teteeeppp,tetap
tetep,tetap
tetiba,tiba tiba
teu,tidak
kitakita,kita kita
tgb,tuan guru bajang
kiyayi,kiai
kjadian,kejadian
kk,kakak
tgl,tanggal
tgk,tegak
tgn,tangan
kkkkkkkkkkkkkk,wkwk
th,tahun
kl,kalau
than,tahan
klau,kalau
klean,kalian
kleb,klub
thd,terhadap
klian,kalian
kliatan,kelihatan
theorikal,theoretical
things,berpikir
thn,tahun
klo,kalau
thr,tunjangan hari raya
klompok,kelompok
klompotan,komplotan
thu,tahu
klopun,kalaupun
tiap,setiap
kluar,keluar
kluarga,keluarga
kluarin,keluarkan
klw,kalau
tidk,tidak
tidka,tidak
kmaren,kemarin
tiker,tikar
kmren,kemarin
kmrin,kemarin
kmrn,kemarin
timteng,timur tengah
kmu,kamu
timses,tim sukses
kn,kan
knapa,kenapa
tingggi,tinggi
tinggkahnya,tingkahnya
tingkalakunya,tingkah lakunya
knjngi,kunjungi
kno,know
tiori,teori
knp,kenapa
tipi,televisi
knpa,kenapa
tipiwan,tvone
kntl,kontol
kntr,kantor
ko,kok
tka,tenaga kerja asing
tkacinatakterkendali,tenaga kerja asing cina tidak terkendali
tki,tenaga kerja indonesia
koe,kamu
kofar,kafir
kog,kok
tl,lini masa
tlah,telah
tlg,tolong
tlh,telah
kolektiv,kolektif
kolojengking,kalajengking
tmbh,tambah
tmii,taman mini indonesia indah
tmn,teman
tmpat,tempat
tmpt,tempat
komnasham,komisi nasional hak asasi manusia
komnas,komisi nasional
komplek,kompleks
komporin,kompori
komunies,komunis
tnggu,tunggu
tnh,tanah
tni,tentara nasional indonesia
tnimanunggaldenganrakyat,tentara nasional indonesia manunggal dengan rakyat
kondoms,kondom
konfrensi,konferensi
tnyt,ternyata
kongkalik,kongkalikong
konglo,konglomerat
konsekwensi,konsekuensi
konslet,korsleting
tolah,tulah
tolakpemimpinkafir,tolak pemimpin kafir
tolakperprestka,tolak peraturan presiden tenaga kerja asing
koplak,kocak
tolakrevisiuukpk,tolak revisi undang undang komisi pemberantasan korupsi
koplaks,kocak
toleran,toleransi
koq,kok
koplok,goblok
korup,korupsi
tortorpunyaindonesia,tortor punya indonesia
tp,tetapi
korut,korea utara
tpi,tetapi
kosan,indekos
kotang,kutang
traniaya,teraniaya
transaksipolitik,transaksi politik
kowe,kamu
trasa,terasa
trash,sampah
kpai,komisi perlindungan anak indonesia
trbuka,terbuka
kpd,kepada
treak,teriak
kpk,komisi pemberantasan korupsi
kpn,kapan
trhadap,terhadap
trhdp,terhadap
kpntngn,kepentingan
triliyun,triliun
triak,teriak
kpoper,penggemar korea pop
trilyunan,triliunan
trima,terima
kpu,komisi pemilihan umum
trjd,terjadi
trkdg,terkadang
trkendali,terkendali
trlibat,terlibat
krena,karena
kresten,kristen
krg,kurang
trmsuk,termasuk
trnyata,ternyata
kripik,keripik
kriput,keriput
krjaan,pekerjaan
krl,kereta listrik
trs,terus
trsalurkan,tersalurkan
krn,karena
krna,karena
kropos,keropos
trus,terus
truss,terus
trussss,terus
ts,thread starter
ksh,kasih
tsb,tersebut
ksihan,kasihan
ttap,tetap
ttg,tentang
kslian,keaslian
ttindas,tertindas
ttng,tentang
ttp,tetap
tu,itu
kt,kita
ktawa,ketawa
tuch,itu
tuduhannmu,tuduhanmu
tuh,itu
kthuan,ketahuan
ktika,ketika
tuk,untuk
ktka,ketika
tuker,tukar
ktnya,katanya
ktp,kartu tanda penduduk
kturunan,keturunan
tumbangkanjokowi,tumbangkan jokowi
ku,aku
kuatkuasakan,kuat kuasakan
tungu,tunggu
tunjukkan,tunjukan
kuchat,aku chat
kucin,kucing
kucink,kucing
kudu,harus
kuduga,aku duga
kudune,harusnya
tutupi,menutupi
tuuh,itu
kui,itu
kuinget,aku ingat
tv,televisi
kukasih,aku kasih
tvri,televisi republik indonesia
twee,twit
tweet,twit
tweetdsap,twit
tweeter,twitter
tweetnya,twitnya
kumpulin,kumpulkan
kumulativ,kumulatif
kumunis,komunis
twit,twit
kuncixa,kuncinya
twitt,twit
two,dua
kupikir,aku pikir
kuraih,aku raih
kurangin,kurangi
kurg,kurang
typical,tipikal
kusayang,aku sayang
typing,mengetik
typo,salah ketik
u,kamu
uang,duit
kuwi,itu
uas,ujian akhir semester
kwalitas,kualitas
kwalitasnya,kualitasnya
kwetiauw,kwetiau
ud,sudah
uda,sudah
udah,sudah
udahh,sudah
udahlah,sudahlah
ky,seperti
udeeeh,sudah
kya,seperti
kyai,kiai
kyak,seperti
udeh,sudah
kyanya,sepertinya
udh,sudah
kyk,seperti
uga,juga
kzl,kesal
la,lah
laa,lah
laaa,lah
laah,lah
ladenin,meladeni
ui,oi
laen,lain
laenn,lain
lagideh,lagi deh
lagii,lagi
lagiiiii,lagi
uk,united kingdom
lagipula,lagi pula
ukhti,saudari
lahh,lah
lahhh,lah
lair,lahir
lakhanat,laknat
laki,pria
lakuin,lakukan
umaro,umara
umatbersamasaksi,umat bersama saksi
ummat,umat
lam,salam
umoh,rumah
lamalama,lama lama
umroh,umrah
lambemu,mulutmu
lame,lama
lanang,pria
uname,nama pengguna
un,ujian nasional
langend,legend
lanjutken,lanjutkan
lansung,langsung
universiti,universitas
laporin,laporkan
laserr,laser
untk,untuk
untungkan,menguntungkan
lbh,lebih
update,pembaruan
updaters,pembaru
lebaga,lembaga
upload,unggah
lebaranya,lebarannya
ur,kamu
urg,belum
urusin,uruskan
legeslatif,legislatif
usa,united state of america
leh,boleh
useless,tidak berguna
lemabaga,lembaga
rekamnya,merekamnya
ditutuppolisi,ditutup polisi
edede,aduh
aanjing,anjing
terorisnya,terorisme
sejukkan,menyejukkan
neopki,neo partai komunis indonesia
cipokan,ciuman
sodori,menyodorkan
yanradhinal,yang radikal
menyetreaming,streaming
dithn,ditahan
kaaaffiiiirrr,kafir
dikadali,ditipu
pemes,terkenal
lengserkan,melengserkan
hijrahlah,hijrah lah
nesaa,nesa
memikirnya,memikirkannya
kekhlifahan,khilaf
lempari,melemparkan
dipki,di pki
kebangsatan,kebangsatan
digratifikasi,digratifikasi
flakka,narkoba
sbntar,sebentar
penjilatan,menjilat
kyiai,kyai
rsamajkw,sama jokowi
grombolannya,gerombolannya
lihatnya,melihatnya
lolssss,lolos
justsayinghttps,just saying https
mendungukan,membodohkan
inus,sinus
sesugguhnya,sebenarnya
mengakak,tertawa
presidenku,presidenku
siahoq,si ahok
lancung,palsu
dopinadoh,dipindah
mriplh,miriplah
sibukkan,menyibukkan
twitkan,mentweetkan
imaginenya,bayangkannya
atou,atau
pengimbasan,pemindaian
hhart,heart
ayuhal,ayyuhal
mncintai,mencintai
meledeki,mengejek
diframing,di framing
oshinya,mendukung
gante,ganteng
zantaka,jentaka
cinaiia,cina
memuter,memutar
cangkem,mulut
qlo,kalau
ganyaaangg,ganyang
kecian,kasihan
persembunyiannya,persembunyiannya
temanx,teman
membiadabkan,membiasakan
engkok,bengkok
kentean,kehabisan
rebuplika,republika
cpugg,capung
rukunnya,rukunnya
kataya,katanya
umnobn,umnobn
pretttt,pret
yart,yah
motherfuckers,mother fucker
gonyang,goyang
ebeb,beb
presidenbaru,presiden baru
pateni,paten
dimananya,dimana nya
mengkontekstualisasi,mengkontekstualisasikan
ngulek,mengulek
penghalalan,penghalalan
mendustakannya,mendustakan
mengutangi,mengutangi
aloclair,pereda nyeri
k,k
bacotnya,bacotnya
bangsaa,bangsa
modar,modal
shopeenya,shopee
bispak,bisa pakai
kampreeett,kampret
gantipresidenkacung,ganti presiden kacung
teriaki,berteriak
palaur,pelacur
serempetan,serempet
jokowikunjungan,jokowi kunjungan
mengarut,menurut
nyontoh,mencontoh
ngrecoki,merecoki
laporko,melapor
kebiadabannya,kebiadabannya
dteror,di terror
mlukai,melukai
memojok,memojok
pelesiran,pelesiran
tnjuk,tunjuk
dirogoh,merogoh
bengap,bengap
pelepasa,pelepasan
blasss,bablas
berbanggalah,berbanggalah
ahahart,haha
persempadanan,sempadan
segerbong,segerbong
mahami,memahami
brnurani,bernurani
congor,mulut
alfaadli,alfa adli
dukungko,mendukung
rezimjokowi,rezim jokowi
istigfar,istighfar
sruh,suruh
pecinya,peci nya
bothnewyear,both new year
picek,picik
huana,orang asing
hancurkulut,hancur kulit
agamalah,agama
keqx,kek
screenshoot,screen shoot
perhatikannya,memperhatikannya
sejelasnya,sejelasnya
pertanyaanmu,pertanyaan mu
buaaar,buyar
mendeskriditkan,mendiskreditkan
tokohmu,tokohmu
inova,innova
prdban,peradaban
rijiek,rizieq
penggalah,memenggal
kimcil,pelacur
suuzan,suudzon
phoerange,phone range
lgkh,instagram kah
terorris,teroris
subut,subur
ngawini,mengawini
kepdamu,kepadamu
mengeluhnya,mengeluhnya
tuduhanmu,tuduhanmu
bicaramu,bicaramu
varsiti,vasity
yusub,yusuf
dadalah,dada
jembat,jembatan
kenegara,ke negara
jokoisme,jokoisme
kabooommmm,bom
ettt,stop
jauhilah,menjauh
budek,tuli
htibubar,hizbut tahrir indonesia bubar
endonesa,indonesia
dtembakin,ditembak
zalimi,zalim
meluat,meluap
kadarmu,kadarmu
oatly,oatly
inee,ini
cocokologi,mencocokkan
kordinir,koordinir
bardir,berdoa
ranjem,rezim
ngehype,nge hype
panggi,panggil
biadabkan,biadab kan
menamparku,menamparku
peernah,pernah
interupting,intterupting
sume,putra
bahalol,bahagia
siuser,si user
hazid,hazid
dipengarahan,dipengarahan
diumumin,diumumkan
troris,teroris
sepilis,infeksi seksual
kont,alat kelamin pria
jiplak,meniru
hll,hal
dicengin,diledekin
kateai,kayak tai
dinabikan,dinabikan
lancau,alat kelamin pria
yawoloh,ya allah
latepost,late post
wahahhaha,haha
mechine,machine
lgbtterang,lesbian gay biseksual transgender terang
barangta,barangnya
naskleng,menindaklanjuti
ketulungan,keterlaluan
bunuhin,membunuh
lamborgini,lamborghini
setujuuuuu,setuju
geneh,begini
gelorakan,gelorakan
dibaw,dibawa
alqurannya,alquran
yosepa,yosefa
gobloooooooo,goblok
xabis,habis
ancem,mengancam
nyieun,membuat
mgkafir,kafir
royson,royston
pelototi,memelototi
bongggg,bohong
pribumikan,pribumi
triakan,teriakan
jelah,terang
haaaaaa,ha
dibukain,membukakan
laknatullah,laknatullah
ayamorr,cinta
plongo,tercengang
pigijo,pergi
gegayaan,bergaya
iyoh,iya
amblek,jatuh
siganti,diganti
kehabitat,ke habitat
wahaby,wahabi
tumbangkan,tumbangkan
untukjatim,untuk jawa timur
lawaaan,lawakan
awaskoo,awas kau
melalak,melalakl
bidadarinya,bidadarinya
santuni,santun
fendaftar,pendaftar
xpe,gapapa
cermah,ceramah
samajko,sama jokowi
njuk,unjuk
canggi,canggih
cowoknya,cowoknya
sebenanta,sebenarnya
baikji,baik
fiikum,pikun
kegaduhannya,kegaduhannya
seslkan,sesalkan
tokoku,tokoku
gelee,geli
ngiahahaha,hahaha
catet,tulis
mnako,dimana
emberr,ember
rewatch,menonton kembali
berkesinambungan,berkesinambungan
ngncurin,menghancurkan
kacungkan,kacungkan
kerdilnya,kecilnya
mngrtikan,mengartikan
disenyapkan,dimatikan
gladysapriliana,gladys aprilliana
bencimu,membencimu
balitanya,bayi lima tahunnya
mlrang,melarang
ubrak,hancur
allluhwakbar,allahuakbar
segitunya,begitunya
congornya,mulutnya
cangkeman,cerewet
pedean,percaya diri
membiarkanmu,membiarkanmu
dtujukan,ditujukan
dlante,di lantai
whaha,haha
berlemah,lemah
nontonthomas,nonton thomas
twitnya,tweetnya
tempahan,tempahan
goeun,goeun
isisnya,isinya
ahgabong,ah tidak bohong
sbarkan,menyebarkan
dinegasi,dinegasi
xpernah,allahu akbar
dikarenakah,dikarenakan
gendengnya,menggandeng
bangkrutkan,membangkrutkan
xnk,sayang
dikafirkan,mengafirkan
merapatlah,dekatlah
sinamata,semata
allaahu,allaahu akbar
sehancur,menghancurkan
sejahterakan,menyejahterakan
freemasonnya,free and accepted mason
pecun,pelacur
nistain,menistakan
fertama,pertama 
humanityisdead,humanity is dead
dijutekin,tidak acuh
rendahkah,merendahkan
mematikn,mematikan
mnyusah,menyusahkan
erok,makanan khas madura
menilap,menilap
balasnya,balasannya
bjoku,bojoku
merdekakan,memerdekakan
mzh,masih
binatangmu,binatangmu
ghirah,gairah
camne,bagaimana
gaduhnya,gaduh
sumpahka,bersumpah
kamprettt,kampret
mbunuh,membunuh
memekak,tuli
drind,menumbuk
nyanyuk,usia tua
percukaian,pungutan pajak
logikanye,logikanya
ditobatkannya,ditobatkannya
nabokin,menabok
puaskan,memuaskan
desakralisasi,desakralisasi
pngecut,pengecut
selonjoran,selonjoran
bruney,brunei
meliat,melihat
dongoknya,bodohnya
dipolisikan,berususan dengan polisi
kluarganya,keluarganya
meracunimu,meracunimu
menggembosi,mengurangi
woei,woi
lebarannya,lebarannya
bilangnya,mengatakan
diporakporandakan,memorak porandakan
buaan,bukan
gantirezim,ganti rezim
mngtsnmkan,mengatasnamakan
skuull,sekolah
gobloknya,bodohnya
goblok, bodoh
tukh,tuh
hamik,hamil
solatkan,menyalatkan
diketegorikan,dikategorikan
byebye,bye bye
bodohhhhhhh,bodoh
mentwit,mentweetkan
gelontorkan,gelontorkan
eits,eits
kajadian,kejadian
lahanat,berengsek
koler,kolor
adiwastra,pameran kain unggul
dicopy,dicopy
nangkring,berjongkok
lunyai,longgar
nusantaratp,nusantara
diomelin,dimarahin
wanabud,dapat terjadi
jelaskeun,menjelaskan
kerjain,mengerjakan
teriakn,berteriak
feeeport,freeport
mengeper,menjadi takut
ketololan,kebodohan
ksimpulannya,kesimpulannya
nabrakin,menabrak
saygoodbye,say good bye
kermahmu,ke rumahmu
nyumpahin,menyumpahi
cinaaaaa,china
kepotong,terpotong
ahoker,pendukung ahok
tayangin,menayangkan
neolib,neo liga indonesia baru
bersaudar,bersaudara
katebelece,dengan manis
byaaarrr,bayar
pkerjaan,pekerjaan
rtuser,root user
tereak,teriak
mengekspose,mengekspos
jman,jaman
bgtx,begitu
menasbihkan,menahbiskan
njiir,anjir
guncng,guncang
mempannya,mempan
ahah,haha
devisit,defisit
unstan,instan
haritu,hari itu
masyallah,masya allah
kenapai,kenapa 
p,p
fpisering,tapi sering
anehlutonf,aneh lu tong
vidionya,videonya
beloon,bloon
mahoradikal,masa radikal
solatin,salatin
hoook,kait
sphm,sepaham
cumansimpatisan,cuma simpatisan
kesedot,disedot
pengibul,penipu
echocardiografi,ekokardiografi
pancunglah,memenggal
ahlunnar,ahlun nar
suruan,menyuruh
jiarah,ziarah
klarifikasih,klarifikasi
sayajugacina,saya juga china
ngemeluk,memeluk
didungukan,dibodohi
ayyoooo,ayo
plkada,pilkada
kholafah,khilafah
pejuh,sperma
dimasjid,di masjid
kepolisi,ke polisi
kepalapun,kepala pun
shj,shy
ledakin,meledakkan
dikeplak,ditampar
kerjaku,pekerjaanku
sekolam, sekolah
dimesir,di mesir
i,i
wkkwwkwkkwk,wkwkwkwk
edelyn,edelyn
msyrakat,masyarakat
pnjajah,penjajah
penjarain,memenjarakan
t,t
digebuki,dipukuli
mlakukan,melakukan
iindoktrinasi,indoktrinasi
bodohi,menipu
yaelah,yaelah
ngentot,bersenggama
cinak,china
dineraka,di neraka
yynyayan,iya
bersum,bersua
kenapaind,kenapa ini
istigosah,istighosah
uruskan,mengurus
udzubillah,naudzubillah
carikko,mencari
mengumpet,bersembunyi
lainx,lain kali
bergurulah,belajar lah
dibeginikan,dibeginikan
mmbully,membully
keboguyang,kerbau goyang
uthmaniyah,daulah islam terbesar
thogut,melampaui batas
bineka,bhineka
perdulinya,memedulikan
ngebangun,membangun
kacrut,tergores
hoooy,holy
dinyinyiri,digosipin
benarannya,kebenaran
troos,terus
tunjukkn,menunjukkan
yert,yet
aksinaga,aku sinaga
hode,hide
yubarik,allah memberkahimu
koloklokokokk,kalau
sempak,pakaian dalam
mengkampretkan,sial
bergedel,perkedel
kampang,anak haram
dikabul,mengabulkan
budax,budak
spandul,spanduk
tpmuslim,tapi muslim
masonluk,batu
udelny,pusarnya
semangaattt,semangat
jolodong,lajang
allright,all right
kongreseropa,kongres eropa
nyelak,menyela
nyokapnya,ibunya
allauhwakbar,allahu akbar
asemm,asam
backstab,back stage
kerudungmu,jilbabmu
tahunpks,tahun partai keadilan sejahtera
preett,ejekkan
hukumanmu,hukumanmu
ditabok,ditampar
cuilan,cuitan
ktangkep,ketangkap
ngilangn,mengilangkan
psawat,pesawat
bzzz,bus
mungut,semangat
hahart,haha
despises,membenci
jualkan,menjual
uripmu,hidupmu
dibegoin,ditipu
kedunguannya,kebodohannya
bahagiahaksegalabangsa,bahagia hak segala bangsa
malaysuck,malaysia
tetapibom,tetapi bom
ngegoblokin,membodohkan
kikikikiki,kiki
banaaa,bana
pnyayang,penyayang
ngoce,ngomel
o,o
titit,titik
sehubung,berhubungan
gorok,memotong
mencebongkan,mencanangkan
sikatttt,sikat
kpoopies,kpop
dekeut,dekat
melok,ikut
bermalasan,bermalasan
ckck,ckck
amput,amputasi
isllam,islam
cebi,kompeten
hentikannya,hentikan
insulting,menghina
bumidatari,bumi datar
unkonstitusional,inkonstitusional
ganyaaang,ganyang
berpancasila,pancasila
cbut,cabut
tapjokowi,tetap jokowi
shemale,waria
lantaklah,rasakanlah
dilajukan,dicepatkan
selapangan,sebesar
mempercantiknya,mempercantik
repotter,reporter
hhaha,hahaha
gemp,gempa
mantapkan,mantap
liqo,pertemuan
kerjalah,bekerja
sepemikiranya,sepemikiran
membuk,membuka
merintahkan,memerintahkan
mengadudombakan,mengadudombakan
beberappa,beberapa
dweeh,ketidakmampuan sosial
dientot,diperkosa
nyadur,pemeran
kuasakan,menguasai
bersembang,mengobrol
lmpar,lempar
alquranku,alquranku
prtanyaannya,pertanyaannya
matiko,mati
pakhang,tajam
henyak,besar
dulatips,dulatip
hax,hak
dingajikan,pengajian
payudaramu,payudara 
kulya,kuliah
betasemen,detasemen
milanisti,milanisti
jlni,jalani
wiwerda,wiwerda
mwko,mau kamu
qaedah,kaidah
sehitam,sehitam
takbier,takbir
pmbnhn,pembunuhan
ternista,direndahkan
kebalik,terbalik
banionta,bani onta
dungunya,bodoh
sibok,sibuk
nkbenkz,nkbn
begonya,bodoh
benarpun,benar
ohannya,keluarganya
nyungsep,jatuh
rlt,regional leadership training
kesono,kesana
loalah,oalah
aslix,asli
anmu,anu mu
pilihjokowi,pilih jokowi
mbokne,ibu nya
manapikkk,munafik
silit,dubut
ketelaso,kotoran penis
naudzubillah,naudzubillah
sereem,seram
mengakunya,mengakuinya
xpyh,punya
uamt,umat
melongo,melongo
kaosmu,kaos mu
nyangkem,nyangkem
hajarrr,hajar
tukangmainan,tukang mainan
menyampah,menyampah
prediksinggrisjuarapd,prediksi inggris juara piala dunia
nsionalis,nasionalis
maenannya,mainannya
adrp,ada
ebuset,buset
aktipis,aktivis
mancungnya,mancung
wkwkkkw,wkwk
huehuehue,hehehe
menyangkutnya,menyangkut
kominis,komunis
ganyangku,gak nyangka
psantren,pesantren
mentolo,tega
diversikan,diversikan
koruptornya,koruptor nya
orrr,or
akinya,aki nya
cyiin,cin
jelekku,jelek
congean,congean
ggantung,gantung
doanyahttps,doa nya 
cebonger,cebong
begadoh,bergaduh
plonga,tercengang
dipgilnya,dipanggilnya
dilrg,dilarang
hampiri,menghampiri
kuasain,menguasai
armys,army
langsungmi,langsung
bosuser,buser
sshhh,sst
xde,tidak ada
pekai,pakai
edisingadukaaa,edisi
v,v
menyeles,ngeles
gantisistem,ganti sistem
jlentrek,menjelaskan
bokep,bokep
penunjuknya,petunjuknya
dcerca,dicerca
aritu,hari itu
sndirian,sendirian
begituan,begitu
maluuuuu,malu
kepleset,kepleset
sisternet,sisternet
baadilah,pengganti
huahhh,hah
luculucuanhttps,lucu lucuan https
puiii,persatuan umat islam
astikaa,obat penahan sakit
baxak,bayar
auzubillah,naudzubillah
mentong,makan sewaktu petang
kazhar,khazar
biada,biasa
asiangames,asian games
ngajari,mengajari
e,e
ngokongnya,ngomongnya
jihaaaad,jihad
fukonserawlex, fokunserawlex
cinaaaa,china
ception,caption
hitaam,hitam
dbakar,dibakar
hikdun,hikayat dunia
nationl,nasional
asaskan,asas kan
bautak,botak
z,z
sugik,sugik
nauzubillah,naudzubillah
dibesuk,dijenguk
naudzubiilahmindzalik,naudzubillah min dzalik
cengin,mengejek
ngelih,lapar
menghancurleburkan,menghancurleburkan
istiqorah,istikharah
ponpesnya,pondok pesantren
hiao,hyperpnea induces airway obstruction
malio,malio
dholalah,sesat
pedemo,pendemo
ketidakcermatan,ketidakcermatan
gampangan,murahan
panjajah,penjajah
mengujarkn,mengujarkan
adminnya,adminnya
siapanya,siapanya
kapirmenyokong,kafir menyokong
savesombaopu,save somba opu
cinayg,cina yang
wkwkrt,wkwk
adlyna,adylna
wahabissme,aliran reformasi keagamaan
edytansil,eddy tansil
ulank,ulang
citer,cheater
brbicara,berbicara
indehoi,indie
asong,anjing
segeulgie,pesona
banimicin,kaum kebanyakan micin
ditwitter,di twitter
oplos,racikan
proyeklah,proyek
jerrawat,jerawat
taipannya,taipan
abuser,abusive
sebabaduy,sebab
carane,caranya
fitnahnya,fitnah
ayomurtad,ayo murtad
kusumawullan,kusuma wulan
musnahin,memusnahkan
bumidatar,bumi datar
bangkekkkkk,bangke
menginstruksikan,memerintahkan
tetus,terus
keraslah,keras
tempek,tempe
sompret,sompret
tololisme,bodoh
timingnya,waktunya
siwuk,suwuk
wklnya,wakilnya
kapreh,kaprah
metrotipu,metro tipu
analisisku,analisisku
celengnya,celengannya
pulsanya,pulsanya
blii,beli
hargax,harga
prtma,pertama
junjunganmu,junjunganmu
herosima,hiroshima
playboyrt,playboy
gantikacung,ganti kacung
blangsak,menderita
cocot,cocok
kafirkan,kafirkan
rakyatb,rakyat
weeeek,weak
dibarus,di barus
setanlah,setan lah
coutry,country
mhsiswa,mahasiswa
kuliti,menguliti
yaela,yaelah
blsn,balasan
hancukan,mengancurkan
nyinyirnya,cerewetnya
pisahkanlah,memisahkan
laknant,laknat
bisnesmen,businessman
kubuktikan,kubuktikan
bentangkan,mebentangkan
xbleyh,boleh
uhuy,hai
doyannya,doyan
diharam,diharamkan
komparasikan,membandingkan
ngaput,menjahit
hasrini,hasrini
temput,tempat
mengkriminalisasi,kriminalisasi
nenen,payudara
puyeng,pusing
efilnikcufecin,
omzetnya,omsetnya
nalarku,nalarku
nyantet,menyantet
habibana,habib
iyayayadd,iya
kamunya,kamu
suek,sobek
gabaek,tidak baik
menjorokkan,kotor
prusahan,perusahaan
titart,titah
ngebacotnya,banyak bicaranya
jokowow,jokowi
vegeterian,vegetarian
berengsek,berengsek
kelayak,kelayakan
diperkusi,persekusi
congoran,mulut
kencingpun,kencing pun
ditii,gerakan darul islam tentara islam indonesia
dungukan,dungu kan
pasangin,memasangkan
mneh,maneh
biadaaaaa,biadab
terdoktrin,terdoktrin
sonoan,menjauh
mngendarai,mengendarai
joroknya,kotornya
jaksax,jaksa
yucks,yuk
j,jaksa
cucoknya,cocoknya
jejangan,wejangan
fatwakan,fatwakan
tankap,menangkap
dipikiran,dipikiran
bsnyak,banyak
dlan,diluan
melampiaskannnnn,melampiaskan
serusuh,lusuh
kelojotan,kejang
titot,salah
sholatkan,sholatkan
berahklak,berakhlak
pernahkan,pernahkan
sontekan,contekan
sangarrrr,galak
dtngg,datang
buddhaisme,buddhisme
beginian,beginian
stresssssss,stress
diaorang,dia orang
curigain,mencurigai
cipit,sipit
digembosi,menggembosi
lagnatuloh,laknatullah
khilafahan,khilafah
kontol,kontol
pukinya,vaginanya
bcaan,bacaan
dtangmi,datang
kunyuknya,monyetnya
mrupkn,merupakan
kafiiirrr,kafir
bbeda,beda
vemao,venom
senjatapi,senjata api
takkala,tatkala
jorokkan,kotor
kampreter,kampret
kelelakiannya,kelelakiannya
telfonin,meneleponin
mawaslah,masalah
labelin,melabelkan
aamin,amin
nassami,nasrani
boboin,menidurkan
brduka,berduka
marahhhh,marah
pengec,pengen
kisshug,kiss hug
ngegoreng,menggoreng
oiii,oi
brouuw,brother
remason,remasin
keroknya,penyababnya
idot,idiot
iyekan,iyakan
hakpbbicc,hak pbb icc
diairport,di airport
binik,bini
kafiran,kafir
diniaga,di niaga
laknatulloh,laknatullah
begimane,bagaimana
semargax,semarga
tatoan,tato
jongosnya,pelayannya
menabikan,menabikan
ikap,ikan
hariburuh,hari buruh
kompori,mengompori
orasikan,mengorasikan
mmbubarkan,membubarkan
dbodohi,dibodohi
hjan,hujan
prsatuan,persatuan
thepoweroflove,the power of love
kaliaaaan,kalian
ngbom,bom
mengotot,bersikeras
buteknya,keruh
maaa,mama
mengaca,bercermin
ontanya,untanya
membntu,membantu
wkaka,wkwk
borongi,memborong
giselda,gisella
gnyang,goyang
omonganmu,omonganmu
mlkukan,melakukan
prabowopresiden,prabowo presiden
khunsa,alat kelamin ganda
mengonter,menentang
cicinya,kakaknya
dimaenkan,dipermainkan
dosenpun,dosen pun
campuri,mencampuri
dishalatin,disholatin
pdkg,pendekatan
orank,orang
njinggg,anjing
kcuali,kecuali
menyelenggarakan,menyelenggarakan
keamerikanya,amerika
huahahaha,haha
memal,mamang
achkn,acuhkan
decul,dede dede cules
laknak,laknat
mslim,muslim
ngucap,mengatakan
ngomel,marah
dibegitukan,dibegitukan
b,
jokower,jokowi
flasback,flashback
provoktor,provokator
c,
weleehh,alah
ngebagus,bagus
memebrantas,memberantas
seludup,menyembunyikan
membwa,membawa
kegoblokan,kebodohan
dtang,datang
latennya,laten
soryy,sorry
nakcakap,mau berbicara
ngehek,hack
ongin,angin
kawinkanlah,kawinkan lah
fospor,fosfor
removeah,remove 
ngeres,kotor
giblik,goblok
r,
sitip,sipit
sekebun,sebanyak
takfiriyah,takfiriyah
seceng,seribu
kemasjid,ke masjid
itunya,itunya
omnganmu,omonganmu
pasakitan,pesakitan
bknka,bukan kah
usir, membuang paksa
benci, tidak suka
hoaks, berita palsu
antek, pendukung
bego, bodoh
